name,datetime,tempmax,tempmin,temp,feelslikemax,feelslikemin,feelslike,dew,humidity,precip,precipprob,precipcover,preciptype,snow,snowdepth,windgust,windspeed,winddir,sealevelpressure,cloudcover,visibility,solarradiation,solarenergy,uvindex,severerisk,sunrise,sunset,moonphase,conditions,description,icon,stations
"47.4219,-121.4217",2003-11-01,31.5,21,26.7,30.6,12.4,22.3,10.2,51.8,0.028,100,20.83,snow,0.5,0.9,,6.8,193.7,1016.1,91.1,8.3,,,,,2003-11-01T06:48:58,2003-11-01T16:48:52,0.25,"Snow, Overcast",Cloudy skies throughout the day with late afternoon snow.,snow,"72793024233,72781524237"
"47.4219,-121.4217",2003-11-02,24.5,20.1,21.7,15.4,8.4,11.6,19.3,90.3,0.063,100,41.67,snow,0,0.1,,11.8,74.3,1012.1,72,5.5,,,,,2003-11-02T06:50:29,2003-11-02T16:47:20,0.29,"Snow, Partially cloudy",Partly cloudy throughout the day with snow clearing later.,snow,"72793024233,72781524237"
"47.4219,-121.4217",2003-11-03,29.9,20.9,24.1,24,14.2,18.4,17,75,0,0,0,"rain,snow",1.2,0.4,,8.8,249.8,1014.5,22.5,9.9,,,,,2003-11-03T06:51:59,2003-11-03T16:45:49,0.32,Partially cloudy,Becoming cloudy in the afternoon.,partly-cloudy-day,"72793024233,72781524237"
"47.4219,-121.4217",2003-11-04,27.1,18.2,21.7,20,8.1,13.3,15.5,77.6,0,0,0,snow,0.7,1.7,,9.5,95.2,1018.3,12.6,9.8,,,,,2003-11-04T06:53:30,2003-11-04T16:44:20,0.35,Clear,Clear conditions throughout the day.,clear-day,"72793024233,72781524237"
"47.4219,-121.4217",2003-11-05,25.5,15.2,19.9,17.7,3.6,9.7,12.8,73.9,0,0,0,,0,1.2,,11.3,60.8,1020,0.6,9.8,,,,,2003-11-05T06:55:01,2003-11-05T16:42:52,0.39,Clear,Clear conditions throughout the day.,clear-day,"72793024233,72781524237"
"47.4219,-121.4217",2003-11-06,27.5,17.3,22.1,17.3,4.2,10.3,12.7,67.1,0,0,0,,0,1.2,,13.7,63.2,1022.3,0,9.9,,,,,2003-11-06T06:56:31,2003-11-06T16:41:26,0.42,Clear,Clear conditions throughout the day.,clear-day,"72793024233,72781524237"
"47.4219,-121.4217",2003-11-07,29.5,21.8,26.2,21.4,8.4,15.7,16.8,67.4,0.001,100,4.17,snow,0,1.2,,15.6,72.6,1017.5,57.7,9.9,,,,,2003-11-07T06:58:02,2003-11-07T16:40:02,0.46,"Snow, Partially cloudy",Partly cloudy throughout the day with afternoon snow.,snow,"72793024233,72781524237"
"47.4219,-121.4217",2003-11-08,36.3,29,32.3,28.8,19.9,24.2,21,62.9,0,0,0,,0,0.9,,12.6,74,1016.2,81,9.9,,,,,2003-11-08T06:59:33,2003-11-08T16:38:40,0.5,Partially cloudy,Partly cloudy throughout the day.,partly-cloudy-day,"72793024233,72781524237"
"47.4219,-121.4217",2003-11-09,40.8,33,36.9,40.7,26,32.6,26.8,67.4,0,0,0,"rain,snow",1.3,0.7,,8.4,65.7,1013.5,94.8,9.7,,,,,2003-11-09T07:01:03,2003-11-09T16:37:20,0.53,Overcast,Cloudy skies throughout the day.,cloudy,"72793024233,72781524237"
"47.4219,-121.4217",2003-11-10,38.9,33.1,35.8,33.3,23.9,27.7,35,96.8,1.88,100,75,"rain,snow",1.6,3.1,,19.1,250.2,1013.1,96.5,2.3,,,,,2003-11-10T07:02:33,2003-11-10T16:36:01,0.56,"Snow, Rain, Overcast",Cloudy skies throughout the day with a chance of rain or snow throughout the day.,snow,"72793024233,72781524237"
"47.4219,-121.4217",2003-11-11,39.8,32.9,35.9,32.9,24.7,27.2,34.9,96.4,1.883,100,54.17,"rain,snow",0.3,3.7,,22.2,256,1018.6,98.4,3,,,,,2003-11-11T07:04:04,2003-11-11T16:34:45,0.59,"Snow, Rain, Overcast",Cloudy skies throughout the day with a chance of rain or snow throughout the day.,snow,"72793024233,72781524237"
"47.4219,-121.4217",2003-11-12,40.6,30.4,34.1,37.4,23.1,31.1,29.9,85.6,0,0,0,,0,3.2,,10.4,54.2,1026.6,12,7.5,,,,,2003-11-12T07:05:34,2003-11-12T16:33:30,0.63,Clear,Clear conditions throughout the day.,clear-day,"72793024233,72781524237"
"47.4219,-121.4217",2003-11-13,37.9,28.6,32.8,32.8,18.8,25.9,27.4,80.7,0,0,0,,0,2.9,,12.3,81.4,1016,1,9.8,,,,,2003-11-13T07:07:03,2003-11-13T16:32:17,0.66,Clear,Clear conditions throughout the day.,clear-day,"72793024233,72781524237"
"47.4219,-121.4217",2003-11-14,42.6,32,36.3,42.6,24.3,33.2,31.7,83.5,0.011,100,4.17,"rain,snow",1.6,2.7,,9,90,1013.5,91,8.7,,,,,2003-11-14T07:08:33,2003-11-14T16:31:07,0.69,"Snow, Rain, Overcast",Cloudy skies throughout the day with afternoon rain or snow.,snow,"72793024233,72781524237"
"47.4219,-121.4217",2003-11-15,33,30.9,31.6,33,22.4,26.1,30.7,96.6,0.215,100,62.5,"rain,snow",6.9,6.8,,10.1,108.4,1008.5,93.4,2.5,,,,,2003-11-15T07:10:02,2003-11-15T16:29:58,0.73,"Snow, Rain, Overcast",Cloudy skies throughout the day with rain or snow.,snow,"72793024233,72781524237"
"47.4219,-121.4217",2003-11-16,34.1,30,32.5,34,22,26.9,31.2,95.2,1.968,100,83.33,"rain,snow",4.6,14,,18.3,235.7,1000.1,95.8,3.5,,,,,2003-11-16T07:11:30,2003-11-16T16:28:52,0.75,"Snow, Rain, Overcast",Cloudy skies throughout the day with a chance of rain or snow throughout the day.,snow,"72793024233,72781524237"
"47.4219,-121.4217",2003-11-17,33.2,30.8,32.2,33.2,19.6,27.3,31.4,96.9,2.234,100,83.33,"rain,snow",0.7,14.1,,20.7,250.7,1008.5,98.9,2.5,,,,,2003-11-17T07:12:58,2003-11-17T16:27:48,0.79,"Snow, Rain, Overcast",Cloudy skies throughout the day with a chance of rain or snow throughout the day.,snow,"72793024233,72781524237"
"47.4219,-121.4217",2003-11-18,47.7,36.8,43.2,44.5,33.8,38.7,40.8,91.8,1.872,100,95.83,rain,0,9.5,,18.4,223.4,1008.7,100,5.1,,,,,2003-11-18T07:14:26,2003-11-18T16:26:46,0.83,"Rain, Overcast",Cloudy skies throughout the day with a chance of rain throughout the day.,rain,"72793024233,72781524237"
"47.4219,-121.4217",2003-11-19,47.6,25.9,30.4,43.1,13.8,21.4,28.7,93.9,1.107,100,58.33,"rain,snow",4.3,16.4,,16.6,244.7,1007.2,99.9,3.9,,,,,2003-11-19T07:15:53,2003-11-19T16:25:46,0.86,"Snow, Rain, Overcast",Cloudy skies throughout the day with a chance of rain or snow throughout the day.,snow,"72793024233,72781524237"
"47.4219,-121.4217",2003-11-20,26.8,23.8,25.6,26.7,14.8,19.2,24.3,94.9,0.568,100,79.17,snow,1.4,19.6,,12.7,197.3,1011.3,98.1,1,,,,,2003-11-20T07:17:19,2003-11-20T16:24:49,0.9,"Snow, Overcast",Cloudy skies throughout the day with a chance of snow throughout the day.,snow,"72793024233,72781524237"
"47.4219,-121.4217",2003-11-21,24.1,17.8,21.9,23.7,9.6,16.3,19.9,91.6,0.014,100,16.67,snow,0,19,,5.9,202.9,1015.4,72.7,2.5,,,,,2003-11-21T07:18:44,2003-11-21T16:23:54,0.93,"Snow, Partially cloudy",Partly cloudy throughout the day with snow clearing later.,snow,"72793024233,72781524237"
"47.4219,-121.4217",2003-11-22,25.9,17.7,21.9,25,8.4,15.4,19.3,89.7,0,0,0,snow,3.2,20,,6.9,187.1,1021.6,90.4,6.9,,,,,2003-11-22T07:20:09,2003-11-22T16:23:01,0.96,Overcast,Cloudy skies throughout the day.,cloudy,"72793024233,72781524237"
"47.4219,-121.4217",2003-11-23,33.5,25.3,29.1,33.5,20.1,27.8,27.7,94.4,0.339,100,58.33,"rain,snow",3.1,24.1,,6.2,195.7,1017.7,100,1,,,,,2003-11-23T07:21:33,2003-11-23T16:22:11,0,"Snow, Rain, Overcast",Cloudy skies throughout the day with rain or snow.,snow,"72793024233,72781524237"
"47.4219,-121.4217",2003-11-24,29.8,25.9,26.9,27,17.9,20.7,25.2,93.1,0.513,100,70.83,"rain,snow",5.7,27.5,,8.4,215.5,1009.3,93.9,4.3,,,,,2003-11-24T07:22:56,2003-11-24T16:21:23,0.03,"Snow, Rain, Overcast",Cloudy skies throughout the day with a chance of rain or snow throughout the day.,snow,"72793024233,72781524237"
"47.4219,-121.4217",2003-11-25,30.9,24.1,28.1,26.9,18.7,23.3,26.7,94.1,1.385,100,100,"rain,snow",6.1,34.4,,8.6,222,999.7,96.5,0.9,,,,,2003-11-25T07:24:18,2003-11-25T16:20:38,0.06,"Snow, Rain, Overcast",Cloudy skies throughout the day with a chance of rain or snow throughout the day.,snow,"72793024233,72781524237"
"47.4219,-121.4217",2003-11-26,30.1,28.9,29.5,29.9,23.2,25.1,27.9,93.8,1.209,100,100,"rain,snow",1.9,37.8,,6.1,206.5,1012.4,91.3,0.9,,,,,2003-11-26T07:25:39,2003-11-26T16:19:55,0.1,"Snow, Rain, Overcast",Cloudy skies throughout the day with a chance of rain or snow throughout the day.,snow,"72793024233,72781524237"
"47.4219,-121.4217",2003-11-27,29.9,26.8,28.4,29.7,21.5,25,26.4,91.9,0.066,100,8.33,"rain,snow",0,35.3,,6,122.6,1023.6,66.1,7.7,,,,,2003-11-27T07:26:59,2003-11-27T16:19:15,0.13,"Snow, Rain, Partially cloudy",Partly cloudy throughout the day with early morning snow or rain.,snow,"72793024233,72781524237"
"47.4219,-121.4217",2003-11-28,39.6,27.2,32.1,37.8,22.7,29.5,31.1,96.1,2.364,100,100,"rain,snow",0,34.2,,10.3,186.9,1011.8,100,1.4,,,,,2003-11-28T07:28:18,2003-11-28T16:18:38,0.16,"Snow, Rain, Overcast",Cloudy skies throughout the day with a chance of rain or snow throughout the day.,rain,"72793024233,72781524237"
"47.4219,-121.4217",2003-11-29,39.6,31.4,36.6,34,23.4,29.8,36,97.9,0.596,100,45.83,rain,0,31.1,,13.6,273.6,1013.2,86.9,1.1,,,,,2003-11-29T07:29:35,2003-11-29T16:18:03,0.2,"Rain, Partially cloudy",Partly cloudy throughout the day with rain clearing later.,rain,"72793024233,72781524237"
"47.4219,-121.4217",2003-11-30,33.7,27.4,30.5,24.7,14.9,20.8,22.5,72.7,0,0,0,"rain,snow",0.8,30.2,,17.2,46.9,1019.6,49,9.8,,,,,2003-11-30T07:30:51,2003-11-30T16:17:31,0.25,Partially cloudy,Clearing in the afternoon.,partly-cloudy-day,"72793024233,72781524237"
"47.4219,-121.4217",2003-12-01,31.4,27.7,29.7,24.9,17.9,22.5,24.4,82.2,0.229,100,37.5,"rain,snow",0.5,30.8,,11.5,84.2,1016.5,100,4.9,,,,,2003-12-01T07:32:06,2003-12-01T16:17:02,0.26,"Snow, Rain, Overcast",Cloudy skies throughout the day with rain or snow.,snow,"72793024233,72781524237"
"47.4219,-121.4217",2003-12-02,32.9,28,29.8,30,21.4,23.6,28,93.1,0.177,100,29.17,"rain,snow",1.2,30.4,,8.1,131.2,1018.7,98.3,0.7,,,,,2003-12-02T07:33:19,2003-12-02T16:16:35,0.3,"Snow, Rain, Overcast",Cloudy skies throughout the day with rain or snow.,snow,"72793024233,72781524237"
"47.4219,-121.4217",2003-12-03,31.7,25,28.6,30.9,15.2,22.9,26.3,91,0.106,100,12.5,"rain,snow",0.7,31.4,,10.2,154.2,1021.6,60.3,6.4,,,,,2003-12-03T07:34:31,2003-12-03T16:16:11,0.33,"Snow, Rain, Partially cloudy",Partly cloudy throughout the day with early morning snow or rain.,snow,"72793024233,72781524237"
"47.4219,-121.4217",2003-12-04,28,24.2,25.3,19,10.6,14,21.3,84.7,0.127,100,33.33,snow,3.2,31.1,,18.1,86.2,1015.2,61.3,6.6,,,,,2003-12-04T07:35:41,2003-12-04T16:15:50,0.36,"Snow, Partially cloudy",Partly cloudy throughout the day with snow.,snow,"72793024233,72781524237"
"47.4219,-121.4217",2003-12-05,36.1,27.9,32.6,30.2,19.6,26.6,30.2,90.9,0.372,100,75,"rain,snow",3.1,35.1,,11.7,111.3,1005.2,99.6,0.7,,,,,2003-12-05T07:36:49,2003-12-05T16:15:32,0.4,"Snow, Rain, Overcast",Cloudy skies throughout the day with a chance of rain or snow throughout the day.,snow,"72793024233,72781524237"
"47.4219,-121.4217",2003-12-06,36.8,27,31.5,32,22.6,28,28.5,88.8,0.306,100,29.17,"rain,snow",2.7,37.5,,15.3,238.1,1002.8,68.7,6.4,,,,,2003-12-06T07:37:56,2003-12-06T16:15:17,0.43,"Snow, Rain, Partially cloudy",Partly cloudy throughout the day with rain or snow clearing later.,snow,"72793024233,72781524237"
"47.4219,-121.4217",2003-12-07,39.8,25.2,28.2,33.8,25.2,28,26.6,93.5,0.058,100,25,"rain,snow",1.2,40,,9.2,120.4,1006.4,93.9,4.5,,,,,2003-12-07T07:39:00,2003-12-07T16:15:04,0.47,"Snow, Rain, Overcast",Cloudy skies throughout the day with rain or snow.,snow,"72793024233,72781524237"
"47.4219,-121.4217",2003-12-08,32.9,26.7,30.3,32.9,26.7,30.3,28.9,94.8,0.128,100,41.67,"rain,snow",0,40.2,,0.4,127.1,1017.6,85.9,2.3,,,,,2003-12-08T07:40:03,2003-12-08T16:14:55,0.5,"Snow, Rain, Partially cloudy",Partly cloudy throughout the day with a chance of rain or snow throughout the day.,rain,"72793024233,72781524237"
"47.4219,-121.4217",2003-12-09,27.3,23.9,26,27.3,23.9,26,23.6,90.7,0.08,100,25,snow,1.2,40.6,,0.7,54.4,1014.1,90.6,1.5,,,,,2003-12-09T07:41:04,2003-12-09T16:14:48,0.53,"Snow, Overcast",Cloudy skies throughout the day with snow.,snow,"72793024233,72781524237"
"47.4219,-121.4217",2003-12-10,26.8,25.1,26,26.8,25.1,26,24,91.8,0.334,100,79.17,snow,0.7,42,,0.7,119.9,1008.4,100,2.1,,,,,2003-12-10T07:42:03,2003-12-10T16:14:44,0.57,"Snow, Overcast",Cloudy skies throughout the day with a chance of snow throughout the day.,snow,"72793024233,72781524237"
"47.4219,-121.4217",2003-12-11,27.2,24.1,25.4,27.2,24.1,25.4,23.3,91.6,0.044,100,25,snow,3.8,43.4,,0.6,153.8,1011.7,97.5,2.3,,,,,2003-12-11T07:43:00,2003-12-11T16:14:43,0.6,"Snow, Overcast",Cloudy skies throughout the day with snow.,snow,"72793024233,72781524237"
"47.4219,-121.4217",2003-12-12,31.8,25.1,28.4,31.8,25.1,28.4,26.7,93.1,0.843,100,70.83,"rain,snow",11.1,50.6,,1.1,181.2,1006.6,90,3.1,,,,,2003-12-12T07:43:55,2003-12-12T16:14:45,0.64,"Snow, Rain, Partially cloudy",Partly cloudy throughout the day with a chance of rain or snow throughout the day.,snow,"72793024233,72781524237"
"47.4219,-121.4217",2003-12-13,31.7,27.6,29.6,31.7,27.6,29.6,28.1,94.2,1.512,100,79.17,"rain,snow",9.1,62.5,,1.1,179,1002.2,91.7,1.3,,,,,2003-12-13T07:44:47,2003-12-13T16:14:50,0.67,"Snow, Rain, Overcast",Cloudy skies throughout the day with a chance of rain or snow throughout the day.,snow,"72793024233,72781524237"
"47.4219,-121.4217",2003-12-14,41.1,27.5,29.3,32.3,27.5,28.9,27.4,92.6,0.801,100,75,"rain,snow",2.3,66.9,,18.3,206,1006.4,97.8,1.7,,,,,2003-12-14T07:45:37,2003-12-14T16:14:58,0.71,"Snow, Rain, Overcast",Cloudy skies throughout the day with a chance of rain or snow throughout the day.,snow,"72793024233,72781524237"
"47.4219,-121.4217",2003-12-15,30.6,26.9,28.4,30.6,26.9,28.4,26.6,92.6,0.329,100,29.17,"rain,snow",1.7,65,,0.9,191.9,1020.8,75.6,6.4,,,,,2003-12-15T07:46:25,2003-12-15T16:15:08,0.74,"Snow, Rain, Partially cloudy",Partly cloudy throughout the day with rain or snow clearing later.,snow,"72793024233,72781524237"
"47.4219,-121.4217",2003-12-16,34,27,29.2,34,27,29.2,27.3,92.5,0.559,100,66.67,"rain,snow",1,66.2,,1.4,191.6,1018,96.7,2.3,,,,,2003-12-16T07:47:11,2003-12-16T16:15:22,0.75,"Snow, Rain, Overcast",Cloudy skies throughout the day with a chance of rain or snow throughout the day.,snow,"72793024233,72781524237"
"47.4219,-121.4217",2003-12-17,32.7,27.8,30,32.7,27.8,30,27.5,90.3,0.03,100,4.17,"rain,snow",0,64.1,,0.6,69.3,1027.4,25.9,8.7,,,,,2003-12-17T07:47:54,2003-12-17T16:15:38,0.81,"Snow, Rain, Partially cloudy",Partly cloudy throughout the day with early morning snow or rain.,rain,"72793024233,72781524237"
"47.4219,-121.4217",2003-12-18,30.5,27.6,28.7,30.5,27.6,28.7,26.6,91.8,0,0,0,,0,62.7,,0.9,89.8,1023.7,20,7.5,,,,,2003-12-18T07:48:34,2003-12-18T16:15:57,0.84,Clear,Partly cloudy throughout the day.,clear-day,"72793024233,72781524237"
"47.4219,-121.4217",2003-12-19,30.2,26.2,28.8,30.2,26.2,28.8,26.4,90.5,0.004,100,8.33,"rain,snow",0,60.5,,0.9,151.4,1014.8,50.5,9.8,,,,,2003-12-19T07:49:12,2003-12-19T16:16:19,0.88,"Snow, Rain, Partially cloudy",Becoming cloudy in the afternoon with late afternoon rain or snow.,snow,"72793024233,72781524237"
"47.4219,-121.4217",2003-12-20,37.7,27.9,33.3,37.7,27.9,33,32.4,96.5,0.176,100,66.67,"rain,snow",0.8,58.3,,4.7,202.1,1013,99.9,4.8,,,,,2003-12-20T07:49:47,2003-12-20T16:16:44,0.91,"Snow, Rain, Overcast",Cloudy skies throughout the day with a chance of rain or snow throughout the day.,snow,"72793024233,72781524237"
"47.4219,-121.4217",2003-12-21,37.9,29,34.5,37.9,29,33.6,33,94.2,0.023,100,12.5,"rain,snow",0.5,58.7,,4.7,202.9,1020.3,79.7,5.1,,,,,2003-12-21T07:50:20,2003-12-21T16:17:12,0.95,"Snow, Rain, Partially cloudy",Partly cloudy throughout the day with rain or snow clearing later.,snow,"72793024233,72781524237"
"47.4219,-121.4217",2003-12-22,30.3,25.2,28.5,30.3,25.2,28.5,26.9,93.8,0,0,0,,0,57.5,,0.9,119.1,1020.1,41.7,0.6,,,,,2003-12-22T07:50:50,2003-12-22T16:17:42,0.98,Partially cloudy,Partly cloudy throughout the day.,fog,"72793024233,72781524237"
"47.4219,-121.4217",2003-12-23,31.1,29.1,29.9,31.1,29.1,29.9,27.7,91.5,0,0,0,"rain,snow",2.4,56.8,,1.1,122.7,1006.2,79.6,0.7,,,,,2003-12-23T07:51:18,2003-12-23T16:18:15,0,Partially cloudy,Partly cloudy throughout the day.,fog,"72793024233,72781524237"
"47.4219,-121.4217",2003-12-24,33,30,31.5,33,30,31.5,29.6,92.5,0.105,100,66.67,"rain,snow",2.9,60.1,,1.1,181.2,996.5,98.7,0.7,,,,,2003-12-24T07:51:43,2003-12-24T16:18:51,0.05,"Snow, Rain, Overcast",Cloudy skies throughout the day with a chance of rain or snow throughout the day.,snow,"72793024233,72781524237"
"47.4219,-121.4217",2003-12-25,42.2,25.7,32,42.2,25.7,31.2,29.1,89.1,0.156,100,45.83,"rain,snow",0.8,62.1,,12.8,200.9,1006.7,94.1,2.7,,,,,2003-12-25T07:52:05,2003-12-25T16:19:29,0.08,"Snow, Rain, Overcast",Cloudy skies throughout the day with a chance of rain or snow throughout the day.,snow,"72793024233,72781524237"
"47.4219,-121.4217",2003-12-26,38.9,23.9,26.8,32.2,23.9,26.1,24,89.1,0.176,100,41.67,"rain,snow",1.2,62.6,,10.3,179.8,1014.7,92.6,4.7,,,,,2003-12-26T07:52:24,2003-12-26T16:20:11,0.11,"Snow, Rain, Overcast",Cloudy skies throughout the day with a chance of rain or snow throughout the day.,snow,"72793024233,72781524237"
"47.4219,-121.4217",2003-12-27,39.8,21,23.4,31,21,23.1,20.9,89.9,0.372,100,62.5,"rain,snow",3.1,64.9,,17.2,200.2,1015.7,94.7,3.3,,,,,2003-12-27T07:52:40,2003-12-27T16:20:54,0.15,"Snow, Rain, Overcast",Cloudy skies throughout the day with a chance of rain or snow throughout the day.,snow,"72793024233,72781524237"
"47.4219,-121.4217",2003-12-28,37.1,20.9,26.1,33.4,20.9,24.9,23.7,90.7,0.58,100,54.17,"rain,snow",1.4,67.9,,17.2,222.9,1013.4,87.9,4.2,,,,,2003-12-28T07:52:54,2003-12-28T16:21:40,0.18,"Snow, Rain, Partially cloudy",Partly cloudy throughout the day with a chance of rain or snow throughout the day.,snow,"72793024233,72781524237"
"47.4219,-121.4217",2003-12-29,22.1,16.7,19.5,22.1,16.7,19.5,15.9,85.6,0.011,100,4.17,snow,0,67.9,,1.1,26.6,1006.1,44,9.3,,,,,2003-12-29T07:53:04,2003-12-29T16:22:29,0.21,"Snow, Partially cloudy",Clearing in the afternoon with early morning snow.,snow,"72793024233,72781524237"
"47.4219,-121.4217",2003-12-30,34.1,16,20.1,33.2,16,19.9,14.3,78.1,0.005,100,8.33,"rain,snow",2,67.7,,8.1,162.9,1009.3,57.4,8.8,,,,,2003-12-30T07:53:12,2003-12-30T16:23:20,0.25,"Snow, Rain, Partially cloudy",Partly cloudy throughout the day with late afternoon rain or snow.,snow,"72793024233,72781524237"
"47.4219,-121.4217",2003-12-31,19.8,13.9,16.8,19.8,13.9,16.8,14.7,91.2,0.222,100,62.5,snow,1.2,69.5,,1.2,153.7,1004,99.9,4.9,,,,,2003-12-31T07:53:17,2003-12-31T16:24:13,0.28,"Snow, Overcast",Cloudy skies throughout the day with a chance of snow throughout the day.,snow,"72793024233,72793524234,72788324220,72781524237"
"47.4219,-121.4217",2004-01-01,33.5,14.7,19.8,26.7,14.7,19.5,17,88.7,0.169,100,58.33,"rain,snow",1.2,68.6,,8,3.5,997.3,95.1,2,,,,,2004-01-01T07:53:20,2004-01-01T16:25:09,0.31,"Snow, Rain, Overcast",Cloudy skies throughout the day with rain or snow.,snow,"72793024233,72793524234,72788324220,72781524237"
"47.4219,-121.4217",2004-01-02,25.8,23.1,24.5,25.8,23.1,24.5,22.5,92.1,0.045,100,45.83,snow,5.2,71.4,,1.2,151.8,1006.7,99,3.5,,,,,2004-01-02T07:53:19,2004-01-02T16:26:06,0.34,"Snow, Overcast",Cloudy skies throughout the day with snow.,snow,"72793024233,72793524234,72788324220,72781524237"
"47.4219,-121.4217",2004-01-03,24.6,10,18,24.6,10,18,15,87.6,0.468,100,87.5,snow,2.7,76.5,,2,10.1,1010.9,99.8,2.2,,,,,2004-01-03T07:53:15,2004-01-03T16:27:06,0.37,"Snow, Overcast",Cloudy skies throughout the day with a chance of snow throughout the day.,snow,"72793024233,72793524234,72788324220,72781524237"
"47.4219,-121.4217",2004-01-04,9.2,-0.4,5.9,9.2,-0.4,5.9,0.5,77.9,0.03,100,12.5,snow,0,75.7,,1.4,24,1022,52.7,8.1,,,,,2004-01-04T07:53:09,2004-01-04T16:28:09,0.41,"Snow, Partially cloudy",Clearing in the afternoon with early morning snow.,snow,"72793024233,72793524234,72788324220,72781524237"
"47.4219,-121.4217",2004-01-05,2.3,-2.7,0.1,2.3,-2.7,0.1,-6.9,71.6,0,0,0,snow,2.4,75,,1.2,100.2,1027.7,44.8,9.2,,,,,2004-01-05T07:53:00,2004-01-05T16:29:13,0.44,Partially cloudy,Partly cloudy throughout the day.,partly-cloudy-day,"72793024233,72793524234,72788324220,72781524237"
"47.4219,-121.4217",2004-01-06,5.7,-0.6,2.5,5.7,-0.6,2.5,-1.6,82.6,0.453,100,66.67,snow,5.9,79.2,,2,122.7,1014.5,97,1.9,,,,,2004-01-06T07:52:48,2004-01-06T16:30:19,0.47,"Snow, Overcast",Cloudy skies throughout the day with a chance of snow throughout the day.,snow,"72793024233,72793524234,72788324220,72781524237"
"47.4219,-121.4217",2004-01-07,14.1,5.6,11,14.1,5.6,11,7.6,86.1,0.458,100,95.83,snow,2.7,84.6,,1.1,122.4,1008.3,99.3,4.2,,,,,2004-01-07T07:52:33,2004-01-07T16:31:27,0.5,"Snow, Overcast",Cloudy skies throughout the day with a chance of snow throughout the day.,snow,"72793024233,72793524234,72788324220,72781524237"
"47.4219,-121.4217",2004-01-08,26.6,13.5,20.4,26.6,13.5,20.4,17.4,88.1,0.144,100,45.83,snow,0,84.4,,1.4,128.2,1016.1,96.4,2.8,,,,,2004-01-08T07:52:15,2004-01-08T16:32:37,0.54,"Snow, Overcast",Cloudy skies throughout the day with a chance of snow throughout the day.,snow,"72793024233,72793524234,72788324220,72781524237"
"47.4219,-121.4217",2004-01-09,35.5,26.3,32.2,35.5,26.3,32.2,29.1,88.2,0.07,100,33.33,"rain,snow",0,81.7,,1.4,102.9,1017.4,98.6,1.4,,,,,2004-01-09T07:51:55,2004-01-09T16:33:48,0.58,"Snow, Rain, Overcast",Cloudy skies throughout the day with rain or snow.,rain,"72793024233,72793524234,72788324220,72781524237"
"47.4219,-121.4217",2004-01-10,38.6,32,35.1,38.6,30,34.4,33.2,92.9,0.13,100,37.5,"rain,snow",0,79.6,,5.5,89.5,1020.4,87.2,2.9,,,,,2004-01-10T07:51:32,2004-01-10T16:35:02,0.61,"Snow, Rain, Partially cloudy",Partly cloudy throughout the day with rain or snow clearing later.,rain,"72793024233,72793524234,72788324220,72781524237"
"47.4219,-121.4217",2004-01-11,34.8,29.3,31.3,34.8,29.3,31.3,29.7,93.6,0,0,0,,0,77.9,,0.9,5.2,1018.7,87.1,0.7,,,,,2004-01-11T07:51:06,2004-01-11T16:36:17,0.65,Partially cloudy,Partly cloudy throughout the day.,fog,"72793024233,72793524234,72788324220,72781524237"
"47.4219,-121.4217",2004-01-12,35.9,31.6,33.2,35.9,31.6,33.2,29.6,86.4,0.039,100,20.83,"rain,snow",0,77,,1.2,125.5,1018.9,93.8,1.3,,,,,2004-01-12T07:50:37,2004-01-12T16:37:33,0.68,"Snow, Rain, Overcast",Cloudy skies throughout the day with rain or snow.,rain,"72793024233,72793524234,72788324220,72781524237"
"47.4219,-121.4217",2004-01-13,37,30.4,34,37,30.4,34,30.2,86,0.002,100,8.33,"rain,snow",0,75.4,,0.9,131,1022.5,91.8,4.3,,,,,2004-01-13T07:50:05,2004-01-13T16:38:51,0.72,"Snow, Rain, Overcast",Cloudy skies throughout the day with morning rain or snow.,rain,"72793024233,72793524234,72788324220,72781524237"
"47.4219,-121.4217",2004-01-14,37.5,32.8,34.9,37.5,29.9,34.3,32.5,90.8,0.232,100,87.5,"rain,snow",0,72.5,,4.9,122.6,1018.6,100,1.4,,,,,2004-01-14T07:49:31,2004-01-14T16:40:10,0.75,"Snow, Rain, Overcast",Cloudy skies throughout the day with a chance of rain or snow throughout the day.,rain,"72793024233,72793524234,72788324220,72781524237"
"47.4219,-121.4217",2004-01-15,40.3,35.4,38,39.8,29.7,33.2,37.3,97.6,0.941,100,66.67,rain,0,70,,10.9,227.1,1015.5,98.8,2.6,,,,,2004-01-15T07:48:55,2004-01-15T16:41:31,0.79,"Rain, Overcast",Cloudy skies throughout the day with a chance of rain throughout the day.,rain,"72793024233,72793524234,72788324220,72781524237"
"47.4219,-121.4217",2004-01-16,35.3,29.1,32.1,33.5,24,29,31.1,96,0,0,0,,0,68.8,,10.9,59.2,1017.7,79.8,3.9,,,,,2004-01-16T07:48:15,2004-01-16T16:42:53,0.82,Partially cloudy,Partly cloudy throughout the day.,partly-cloudy-day,"72793024233,72793524234,72788324220,72781524237"
"47.4219,-121.4217",2004-01-17,33.9,28.2,30.8,33.9,28.2,30.8,29.2,93.6,0,0,0,"rain,snow",1.2,68.6,,0.9,164.1,1018.4,94.3,1.5,,,,,2004-01-17T07:47:33,2004-01-17T16:44:16,0.86,Overcast,Cloudy skies throughout the day.,cloudy,"72793024233,72793524234,72788324220,72781524237"
"47.4219,-121.4217",2004-01-18,35.5,30.8,33,35.4,29.6,32.3,31.5,94.3,0.2,100,79.17,"rain,snow",0.7,69.7,,7,186.7,1017.5,99.7,2.4,,,,,2004-01-18T07:46:49,2004-01-18T16:45:41,0.89,"Snow, Rain, Overcast",Cloudy skies throughout the day with a chance of rain or snow throughout the day.,snow,"72793024233,72793524234,72788324220,72781524237"
"47.4219,-121.4217",2004-01-19,36.3,30.8,33.1,36.3,29.5,32.4,30.6,90.7,0.002,100,8.33,"rain,snow",0,69,,4.5,69.6,1019.5,90,2.4,,,,,2004-01-19T07:46:02,2004-01-19T16:47:06,0.93,"Snow, Rain, Partially cloudy",Partly cloudy throughout the day with rain or snow clearing later.,rain,"72793024233,72793524234,72788324220,72781524237"
"47.4219,-121.4217",2004-01-20,32.6,26.8,30.2,32.6,26.8,30.2,26.3,85.3,0,0,0,,0,68.9,,1.1,20.7,1025.1,92.3,1.8,,,,,2004-01-20T07:45:13,2004-01-20T16:48:32,0.96,Overcast,Cloudy skies throughout the day.,cloudy,"72793024233,72793524234,72788324220,72781524237"
"47.4219,-121.4217",2004-01-21,28,23.9,26.4,28,23.9,26.4,22.9,86.4,0,0,0,,0,68.7,,0.9,141,1027.4,86,1.1,,,,,2004-01-21T07:44:21,2004-01-21T16:50:00,0,Partially cloudy,Partly cloudy throughout the day.,partly-cloudy-day,"72793024233,72793524234,72788324220,72781524237"
"47.4219,-121.4217",2004-01-22,32.4,22.5,26.3,32.4,22.5,26.3,22.9,86.6,0.056,100,8.33,"rain,snow",1.7,68.7,,1,176.4,1022.9,96.7,2.9,,,,,2004-01-22T07:43:27,2004-01-22T16:51:28,0.03,"Snow, Rain, Overcast",Cloudy skies throughout the day with late afternoon rain or snow.,snow,"72793024233,72793524234,72788324220,72781524237"
"47.4219,-121.4217",2004-01-23,34.6,28.2,31.9,34.2,28.2,31.4,30.9,95.8,0.867,100,95.83,"rain,snow",4.9,72,,4.4,296.8,1012,100,1.6,,,,,2004-01-23T07:42:30,2004-01-23T16:52:57,0.06,"Snow, Rain, Overcast",Cloudy skies throughout the day with a chance of rain or snow throughout the day.,snow,"72793024233,72793524234,72788324220,72781524237"
"47.4219,-121.4217",2004-01-24,33.5,26.4,28.6,29.5,16.6,20.9,27,93.4,0.792,100,83.33,"rain,snow",2.3,28.5,,12,253.4,1003.2,87,2,,,,,2004-01-24T07:41:31,2004-01-24T16:54:26,0.1,"Snow, Rain, Partially cloudy",Partly cloudy throughout the day with a chance of rain or snow throughout the day.,snow,"72793024233,72793524234,72788324220,72781524237"
"47.4219,-121.4217",2004-01-25,28.9,25.8,27.4,23.3,18,19.8,25.5,92.6,0.415,100,62.5,"rain,snow",0,0,,10.1,238.2,1011.8,88.6,3.2,,,,,2004-01-25T07:40:30,2004-01-25T16:55:57,0.13,"Snow, Rain, Partially cloudy",Partly cloudy throughout the day with a chance of rain or snow throughout the day.,snow,"72793024233,72793524234,72788324220,72781524237"
"47.4219,-121.4217",2004-01-26,33.7,28.6,31.1,29.9,22.9,25.5,29.5,93.6,0.752,100,100,"rain,snow",88.1,54.5,,9.3,193,1010.6,93.2,1.6,,,,,2004-01-26T07:39:27,2004-01-26T16:57:28,0.16,"Snow, Rain, Overcast",Cloudy skies throughout the day with a chance of rain or snow throughout the day.,snow,"72793024233,72793524234,72788324220,72781524237"
"47.4219,-121.4217",2004-01-27,35.3,32,33.5,35.3,24.9,29.7,31.9,94,0.128,100,29.17,"rain,snow",1.2,85.6,,11.5,221.4,1010.4,76,2.2,,,,,2004-01-27T07:38:22,2004-01-27T16:58:59,0.19,"Snow, Rain, Partially cloudy",Partly cloudy throughout the day with rain or snow.,snow,"72793024233,72793524234,72788324220,72781524237"
"47.4219,-121.4217",2004-01-28,38.9,32.4,35.2,32,25.1,29.1,33.9,94.7,1.095,100,95.83,"rain,snow",0.7,85,,12.8,215.6,1009.7,88.1,2,,,,,2004-01-28T07:37:14,2004-01-28T17:00:31,0.25,"Snow, Rain, Partially cloudy",Partly cloudy throughout the day with a chance of rain or snow throughout the day.,snow,"72793024233,72793524234,72788324220,72781524237"
"47.4219,-121.4217",2004-01-29,43.3,36,39.7,43.3,30.2,35.3,37.8,93.1,1.836,100,95.83,rain,0.6,79.3,,14.9,206.7,1006.4,94.3,3.6,,,,,2004-01-29T07:36:04,2004-01-29T17:02:04,0.26,"Rain, Overcast",Cloudy skies throughout the day with a chance of rain or snow throughout the day.,snow,"72793024233,72793524234,72788324220,72781524237"
"47.4219,-121.4217",2004-01-30,41.4,27,30.3,37,14.2,19.5,27.9,90.7,0.819,100,91.67,"rain,snow",5,83,,21.1,245.8,1002.2,90.6,3.1,,,,,2004-01-30T07:34:53,2004-01-30T17:03:37,0.29,"Snow, Rain, Overcast",Cloudy skies throughout the day with a chance of rain or snow throughout the day.,snow,"72793024233,72793524234,72788324220,72781524237"
"47.4219,-121.4217",2004-01-31,29.1,26.7,27.6,29.1,14.1,19.6,25.9,93.2,0.808,100,87.5,"rain,snow",2.3,87.8,,17.9,217.4,1009.1,95.6,2.1,,,,,2004-01-31T07:33:39,2004-01-31T17:05:10,0.32,"Snow, Rain, Overcast",Cloudy skies throughout the day with a chance of rain or snow throughout the day.,snow,"72793024233,72793524234,72788324220,72781524237"
"47.4219,-121.4217",2004-02-01,30.9,26.4,28.5,29.7,17.7,22.9,26.3,91.4,0.189,100,37.5,"rain,snow",1.2,88.6,,9.1,138.8,1009.9,90.3,2.4,,,,,2004-02-01T07:32:23,2004-02-01T17:06:43,0.35,"Snow, Rain, Overcast",Cloudy skies throughout the day with rain or snow clearing later.,snow,"72793024233,72793524234,72788324220,72781524237"
"47.4219,-121.4217",2004-02-02,41.1,25.2,26.9,39.2,15,17.8,23.3,86.2,0.279,100,45.83,snow,0.7,89.6,,11.4,72.8,1006.5,99.8,4.1,,,,,2004-02-02T07:31:06,2004-02-02T17:08:17,0.39,"Snow, Overcast",Cloudy skies throughout the day with a chance of snow throughout the day.,snow,"72793024233,72793524234,72788324220,72781524237"
"47.4219,-121.4217",2004-02-03,35.2,26.3,30.5,35.2,19.2,28,27.6,88.9,0.037,100,25,"rain,snow",1.7,88.9,,6.8,153,1008.3,98.6,5.3,,,,,2004-02-03T07:29:46,2004-02-03T17:09:51,0.42,"Snow, Rain, Overcast",Cloudy skies throughout the day with rain or snow.,snow,"72793024233,72793524234,72788324220,72781524237"
"47.4219,-121.4217",2004-02-04,34.2,29.4,31.4,34.2,21.9,26.3,29.4,92.2,0.275,100,54.17,"rain,snow",1,90.6,,8.2,225.9,1017.3,81.4,1.9,,,,,2004-02-04T07:28:25,2004-02-04T17:11:25,0.45,"Snow, Rain, Partially cloudy",Partly cloudy throughout the day with a chance of rain or snow throughout the day.,snow,"72793024233,72793524234,72788324220,72781524237"
"47.4219,-121.4217",2004-02-05,28.4,22.3,26.8,27,16.6,21.7,24,88.9,0,0,0,"rain,snow",1.7,90.8,,7.7,119.8,1024.1,36.2,8.1,,,,,2004-02-05T07:27:02,2004-02-05T17:12:59,0.48,Partially cloudy,Becoming cloudy in the afternoon.,partly-cloudy-day,"72793024233,72793524234,72788324220,72781524237"
"47.4219,-121.4217",2004-02-06,31.4,26.7,28.5,31.4,19.3,24.4,26.3,91.4,0.27,100,54.17,"rain,snow",1.7,93,,8.5,123.7,1017.3,97.1,3.4,,,,,2004-02-06T07:25:37,2004-02-06T17:14:33,0.5,"Snow, Rain, Overcast",Cloudy skies throughout the day with rain or snow.,snow,"72793024233,72793524234,72788324220,72781524237"
"47.4219,-121.4217",2004-02-07,32.6,30,31.2,30.6,23.6,26.2,29.6,93.9,0.125,100,45.83,"rain,snow",0.5,93.6,,7.3,235.5,1024.2,87.4,2.6,,,,,2004-02-07T07:24:11,2004-02-07T17:16:08,0.55,"Snow, Rain, Partially cloudy",Partly cloudy throughout the day with a chance of rain or snow throughout the day.,snow,"72793024233,72793524234,72788324220,72781524237"
"47.4219,-121.4217",2004-02-08,32.3,29,30.5,30.3,23.3,26,28.3,91.5,0.031,100,16.67,"rain,snow",0,92.3,,6.3,249.9,1029.4,60.3,1.8,,,,,2004-02-08T07:22:43,2004-02-08T17:17:42,0.59,"Snow, Rain, Partially cloudy",Partly cloudy throughout the day with rain or snow clearing later.,rain,"72793024233,72793524234,72788324220,72781524237"
"47.4219,-121.4217",2004-02-09,36.3,26.2,31.4,31.6,20.7,27.6,28.5,89.1,0,0,0,,0,91.7,,7.5,236.9,1030.8,17.6,7.8,,,,,2004-02-09T07:21:13,2004-02-09T17:19:16,0.62,Clear,Clear conditions throughout the day.,clear-day,"72793024233,72793524234,72788324220,72781524237"
"47.4219,-121.4217",2004-02-10,39.1,29.1,33.4,35,21.9,27.8,26.2,75.2,0,0,0,,0,90,,11.2,27.6,1027.7,5.1,9.6,,,,,2004-02-10T07:19:42,2004-02-10T17:20:51,0.66,Clear,Clear conditions throughout the day.,clear-day,"72793024233,72793524234,72788324220,72781524237"
"47.4219,-121.4217",2004-02-11,37.1,26.4,30.9,29.7,16.6,21.6,25.4,80.5,0,0,0,,0,89.1,,14,67,1026.9,4.4,9.3,,,,,2004-02-11T07:18:09,2004-02-11T17:22:25,0.69,Clear,Clear conditions throughout the day.,clear-day,"72793024233,72793524234,72781524237"
"47.4219,-121.4217",2004-02-12,35.3,26.2,29.1,26.5,13.5,18.5,22.1,75.5,0,0,0,,0,88.8,,16.7,73.7,1022.2,14.3,9.8,,,,,2004-02-12T07:16:35,2004-02-12T17:23:59,0.73,Clear,Clear conditions throughout the day.,clear-day,"72793024233,72793524234,72788324220,72781524237"
"47.4219,-121.4217",2004-02-13,32.2,22.5,27.1,24.3,10.6,17.9,21.8,80.4,0.001,100,4.17,"rain,snow",1.2,88.6,,16.9,78.5,1015.9,35.1,9,,,,,2004-02-13T07:14:59,2004-02-13T17:25:33,0.75,"Snow, Rain, Partially cloudy",Becoming cloudy in the afternoon with late afternoon rain or snow.,snow,"72793024233,72793524234,72788324220,72781524237"
"47.4219,-121.4217",2004-02-14,41.6,26.3,30.5,38.3,18.6,25.7,28.7,92.8,0.188,100,58.33,"rain,snow",1.8,90.4,,7.8,100.4,1014.8,94.3,3.6,,,,,2004-02-14T07:13:22,2004-02-14T17:27:07,0.8,"Snow, Rain, Overcast",Cloudy skies throughout the day with a chance of rain or snow throughout the day.,snow,"72793024233,72793524234,72788324220,72781524237"
"47.4219,-121.4217",2004-02-15,47.9,28.5,34.9,44.6,22.6,31.3,31,85.8,0.064,100,37.5,"rain,snow",1.5,92.4,,7.3,124.5,1015.4,87.5,3,,,,,2004-02-15T07:11:44,2004-02-15T17:28:40,0.84,"Snow, Rain, Partially cloudy",Partly cloudy throughout the day with a chance of rain or snow throughout the day.,snow,"72793024233,72793524234,72788324220,72781524237"
"47.4219,-121.4217",2004-02-16,35.4,30.7,33,35.4,22.5,27.3,28.7,84.2,0.393,100,54.17,"rain,snow",1.2,94.1,,10.5,100.8,1011.4,89,3.6,,,,,2004-02-16T07:10:04,2004-02-16T17:30:14,0.87,"Snow, Rain, Partially cloudy",Partly cloudy throughout the day with rain or snow.,snow,"72793024233,72793524234,72788324220,72781524237"
"47.4219,-121.4217",2004-02-17,43.7,28.7,31.9,38.3,20.4,26.9,30,92.6,0.103,100,33.33,"rain,snow",1.4,95.2,,10.1,107.2,1010.9,77.3,4.3,,,,,2004-02-17T07:08:24,2004-02-17T17:31:47,0.91,"Snow, Rain, Partially cloudy",Partly cloudy throughout the day with rain or snow.,snow,"72793024233,72793524234,72788324220,72781524237"
"47.4219,-121.4217",2004-02-18,47.9,31.9,37.2,45.8,27.3,33.1,34.1,89,0.226,100,54.17,"rain,snow",0.4,96.6,,10.8,211.8,1012.8,85.6,4.1,,,,,2004-02-18T07:06:42,2004-02-18T17:33:20,0.94,"Snow, Rain, Partially cloudy",Partly cloudy throughout the day with a chance of rain or snow throughout the day.,snow,"72793024233,72793524234,72788324220,72781524237"
"47.4219,-121.4217",2004-02-19,38,32.2,34.6,38,27.2,32.3,31.8,89.5,0.084,100,29.17,"rain,snow",0,95.9,,7.2,221.8,1021,88.4,1.9,,,,,2004-02-19T07:04:58,2004-02-19T17:34:53,0.98,"Snow, Rain, Partially cloudy",Partly cloudy throughout the day with rain or snow.,rain,"72793024233,72793524234,72788324220,72781524237"
"47.4219,-121.4217",2004-02-20,37.9,28.8,32.2,35.2,21.6,29.2,29,87.9,0,0,0,,0,94.8,,8.7,29.7,1018.5,9.3,9.7,,,,,2004-02-20T07:03:14,2004-02-20T17:36:26,0,Clear,Clear conditions throughout the day.,clear-day,"72793024233,72793524234,72788324220,72781524237"
"47.4219,-121.4217",2004-02-21,37.1,26.6,31,32.6,18,24,25.3,80,0,0,0,,0,94.1,,9.5,79.5,1011.3,16.3,9.4,,,,,2004-02-21T07:01:29,2004-02-21T17:37:58,0.05,Clear,Clear conditions throughout the day.,clear-day,"72793024233,72793524234,72788324220,72781524237"
"47.4219,-121.4217",2004-02-22,39.2,27.6,32.8,33,18.8,25.3,24.6,72.1,0,0,0,,0,93.8,,12.1,87.2,1007.2,37.8,9.9,,,,,2004-02-22T06:59:42,2004-02-22T17:39:30,0.08,Partially cloudy,Partly cloudy throughout the day.,partly-cloudy-day,"72793024233,72793524234,72788324220,72781524237"
"47.4219,-121.4217",2004-02-23,41.1,31.8,34.9,36.3,25.7,29,28.9,79.2,0.002,100,8.33,rain,0,92.8,,9.8,90.8,1006.6,93.2,7.7,,,,,2004-02-23T06:57:55,2004-02-23T17:41:02,0.11,"Rain, Overcast",Cloudy skies throughout the day with afternoon rain.,rain,"72793024233,72793524234,72788324220,72781524237"
"47.4219,-121.4217",2004-02-24,36.6,32.4,34.2,35.6,25.1,29.9,32.2,92.3,0.133,100,20.83,"rain,snow",0,92.2,,10,106.2,1005.1,88.4,2.3,,,,,2004-02-24T06:56:06,2004-02-24T17:42:33,0.14,"Snow, Rain, Partially cloudy",Partly cloudy throughout the day with rain or snow in the morning and afternoon.,rain,"72793024233,72793524234,72788324220,72781524237"
"47.4219,-121.4217",2004-02-25,32.2,28.9,31.1,32.2,28.9,31.1,28.6,90.5,0.254,100,37.5,"rain,snow",0,91.9,,2.7,102.3,999.5,93.8,2.2,,,,,2004-02-25T06:54:17,2004-02-25T17:44:04,0.17,"Snow, Rain, Overcast",Cloudy skies throughout the day with rain or snow.,rain,"72793024233,72793524234,72788324220,72781524237"
"47.4219,-121.4217",2004-02-26,36.3,31.3,33.7,34.1,29.6,31.6,32.2,94.2,0.058,100,45.83,"rain,snow",0.8,91.3,,7.6,125.4,997.3,96.3,1.4,,,,,2004-02-26T06:52:27,2004-02-26T17:45:35,0.21,"Snow, Rain, Overcast",Cloudy skies throughout the day with a chance of rain or snow throughout the day.,snow,"72793024233,72793524234,72788324220,72781524237"
"47.4219,-121.4217",2004-02-27,38,33.8,35.6,36.9,29.2,33.1,33.2,91.1,0.069,100,41.67,"rain,snow",0.5,34.5,,6.1,223.5,1010.5,92.1,2,,,,,2004-02-27T06:50:36,2004-02-27T17:47:06,0.25,"Snow, Rain, Overcast",Cloudy skies throughout the day with a chance of rain or snow throughout the day.,snow,"72793024233,72793524234,72788324220,72781524237"
"47.4219,-121.4217",2004-02-28,36.5,32.4,33.9,33.9,26.5,29.9,32.4,94.2,0.059,100,29.17,"rain,snow",0,0,,7.4,215.9,1018.9,84.9,2.3,,,,,2004-02-28T06:48:44,2004-02-28T17:48:37,0.27,"Snow, Rain, Partially cloudy",Partly cloudy throughout the day with a chance of rain or snow throughout the day.,rain,"72793024233,72793524234,72788324220,72781524237"
"47.4219,-121.4217",2004-02-29,36.8,31.4,33.7,34.1,25.3,28.8,30.3,87.6,0,0,0,,0,0,,9.6,96.1,1014.9,91.6,6.8,,,,,2004-02-29T06:46:51,2004-02-29T17:50:07,0.3,Overcast,Cloudy skies throughout the day.,cloudy,"72793024233,72793524234,72788324220,72781524237"
"47.4219,-121.4217",2004-03-01,40.5,31.7,35.2,39.9,24.6,29.9,30.4,83.8,0,0,0,rain,90.9,56.8,,8.9,358.9,1014,88.7,7,,,,,2004-03-01T06:44:58,2004-03-01T17:51:36,0.34,Partially cloudy,Partly cloudy throughout the day.,partly-cloudy-day,"72793024233,72793524234,72788324220,72781524237"
"47.4219,-121.4217",2004-03-02,39.4,29.6,33.2,34,22.7,27.9,27.4,81.1,0,0,0,"rain,snow",3.8,92.2,,12.4,253,1019.1,41.6,6.3,,,,,2004-03-02T06:43:04,2004-03-02T17:53:06,0.37,Partially cloudy,Partly cloudy throughout the day.,partly-cloudy-day,"72793024233,72793524234,72788324220,72781524237"
"47.4219,-121.4217",2004-03-03,33.1,28,31.3,31.2,21.2,25.2,28.8,90.7,0.54,100,70.83,"rain,snow",5,97.4,,12,234.5,1013.2,87.3,3.7,,,,,2004-03-03T06:41:09,2004-03-03T17:54:35,0.4,"Snow, Rain, Partially cloudy",Partly cloudy throughout the day with rain or snow.,snow,"72793024233,72793524234,72788324220,72781524237"
"47.4219,-121.4217",2004-03-04,34.1,30.8,32.1,27.8,22.4,24.5,29.7,91,0.83,100,79.17,"rain,snow",5.4,102.1,,13.5,245.6,1009.3,94.4,2.4,,,,,2004-03-04T06:39:13,2004-03-04T17:56:04,0.43,"Snow, Rain, Overcast",Cloudy skies throughout the day with a chance of rain or snow throughout the day.,snow,"72793024233,72793524234,72788324220,72781524237"
"47.4219,-121.4217",2004-03-05,34.7,27.3,30.7,32.8,15.5,23.1,27.4,87.4,0.846,100,66.67,"rain,snow",2.3,106.5,,18.9,251.7,1008.6,94.2,2.8,,,,,2004-03-05T06:37:17,2004-03-05T17:57:33,0.46,"Snow, Rain, Overcast",Cloudy skies throughout the day with a chance of rain or snow throughout the day.,snow,"72793024233,72793524234,72788324220,72781524237"
"47.4219,-121.4217",2004-03-06,35.5,27.1,30.6,32.7,16.1,23.6,26.3,84.1,0.227,100,37.5,"rain,snow",0,104.7,,13.2,248.5,1022.6,97.1,6.8,,,,,2004-03-06T06:35:21,2004-03-06T17:59:01,0.5,"Snow, Rain, Overcast",Cloudy skies throughout the day with a chance of rain or snow throughout the day.,rain,"72793024233,72793524234,72788324220,72781524237"
"47.4219,-121.4217",2004-03-07,45.3,32.1,41.6,41.6,25.3,36.5,40.3,95.2,0.374,100,66.67,"rain,snow",0,100,,16.3,248.7,1027.8,96.5,4.2,,,,,2004-03-07T06:33:24,2004-03-07T18:00:30,0.53,"Snow, Rain, Overcast",Cloudy skies throughout the day with a chance of rain or snow throughout the day.,rain,"72793024233,72793524234,72788324220,72781524237"
"47.4219,-121.4217",2004-03-08,55.7,44.2,49.5,55.7,44.2,49.1,42.8,78.6,0,0,0,,0,97.7,,6.7,341.8,1030.1,16.3,9.4,,,,,2004-03-08T06:31:26,2004-03-08T18:01:58,0.57,Clear,Clear conditions throughout the day.,clear-day,"72793024233,72793524234,72788324220,72781524237"
"47.4219,-121.4217",2004-03-09,49.8,35.3,41.3,49.1,28.6,35.6,38.5,90,0.143,100,25,rain,0,95.9,,14.8,264.2,1025.6,87.6,5,,,,,2004-03-09T06:29:28,2004-03-09T18:03:25,0.6,"Rain, Partially cloudy",Partly cloudy throughout the day with rain in the morning and afternoon.,rain,"72793024233,72793524234,72788324220,72781524237"
"47.4219,-121.4217",2004-03-10,49.3,31.4,40,47.9,31.4,39,29.2,69.2,0,0,0,,0,94.8,,5,330.3,1030.4,12.4,7.8,,,,,2004-03-10T06:27:30,2004-03-10T18:04:53,0.64,Clear,Clear conditions throughout the day.,clear-day,"72793024233,72793524234,72788324220,72781524237"
"47.4219,-121.4217",2004-03-11,48.6,35.4,42.1,45.7,31.4,38.7,27.1,55.7,0,0,0,,0,94.1,,9,62.4,1023.2,8.7,9.9,,,,,2004-03-11T06:25:31,2004-03-11T18:06:20,0.67,Clear,Clear conditions throughout the day.,clear-day,"72793024233,72793524234,72788324220,72781524237"
"47.4219,-121.4217",2004-03-12,42.4,31.8,36.7,42.4,28.6,31.3,28.7,74.4,0,0,0,,0,94.1,,14.1,256.5,1019,71.8,7.4,,,,,2004-03-12T06:23:32,2004-03-12T18:07:47,0.71,Partially cloudy,Partly cloudy throughout the day.,partly-cloudy-day,"72793024233,72793524234,72788324220,72781524237"
"47.4219,-121.4217",2004-03-13,44.4,30.3,37,41.2,30.3,34.2,25.7,65.4,0,0,0,,0,93.8,,9.5,88.4,1023.1,37.4,9.7,,,,,2004-03-13T06:21:32,2004-03-13T18:09:14,0.75,Partially cloudy,Clearing in the afternoon.,partly-cloudy-day,"72793024233,72793524234,72788324220,72781524237"
"47.4219,-121.4217",2004-03-14,41.5,35.2,38.5,39.4,27.2,32.1,33.4,82.7,0.057,100,20.83,"rain,snow",0,92.8,,15.7,252,1023.5,91,7.1,,,,,2004-03-14T06:19:32,2004-03-14T18:10:40,0.78,"Snow, Rain, Overcast",Cloudy skies throughout the day with rain or snow in the morning and afternoon.,rain,"72793024233,72793524234,72788324220,72781524237"
"47.4219,-121.4217",2004-03-15,40.7,31.8,35.7,35.2,25.1,29,29.7,80.7,0,0,0,,0,91.9,,12.2,243.1,1026.2,86.4,6.9,,,,,2004-03-15T06:17:32,2004-03-15T18:12:07,0.82,Partially cloudy,Partly cloudy throughout the day.,partly-cloudy-day,"72793024233,72793524234,72788324220,72781524237"
"47.4219,-121.4217",2004-03-16,46.4,33.8,38.4,40.5,25.2,31.6,33.7,84.6,0,0,0,,0,90.9,,15.9,246.2,1022.9,86.3,6.1,,,,,2004-03-16T06:15:32,2004-03-16T18:13:33,0.85,Partially cloudy,Partly cloudy throughout the day.,partly-cloudy-day,"72793024233,72793524234,72788324220,72781524237"
"47.4219,-121.4217",2004-03-17,41.2,34.1,37.7,40.6,26.5,32,35.7,92.7,0.025,100,20.83,"rain,snow",2.3,91.4,,13.3,239.1,1016.6,84.7,3.1,,,,,2004-03-17T06:13:31,2004-03-17T18:14:59,0.89,"Snow, Rain, Partially cloudy",Partly cloudy throughout the day with rain or snow clearing later.,snow,"72793024233,72793524234,72788324220,72781524237"
"47.4219,-121.4217",2004-03-18,41.7,27.1,34.7,41.7,16,26.7,30.3,84.2,0.378,100,58.33,"rain,snow",2.8,96.5,,19.3,252.1,1005.1,79.1,6,,,,,2004-03-18T06:11:30,2004-03-18T18:16:25,0.92,"Snow, Rain, Partially cloudy",Partly cloudy throughout the day with rain or snow.,snow,"72793024233,72793524234,72788324220,72781524237"
"47.4219,-121.4217",2004-03-19,34.8,26.8,29.9,33.4,16,24,26.4,86.9,0.3,100,45.83,"rain,snow",1.4,99.3,,13.2,227.3,1019.5,77.5,6.4,,,,,2004-03-19T06:09:30,2004-03-19T18:17:50,0.96,"Snow, Rain, Partially cloudy",Partly cloudy throughout the day with a chance of rain or snow throughout the day.,snow,"72793024233,72793524234,72788324220,72781524237"
"47.4219,-121.4217",2004-03-20,44.7,26.7,35.7,38.3,17.7,28.1,22.8,61.5,0,0,0,,0,97.5,,14,62.6,1027.8,16,9.9,,,,,2004-03-20T06:07:29,2004-03-20T18:19:16,0,Clear,Clear conditions throughout the day.,clear-day,"72793024233,72793524234,72788324220,72781524237"
"47.4219,-121.4217",2004-03-21,55.1,37.9,46.5,55.1,31,43.1,23.3,40.5,0,0,0,,0,94.5,,13.5,63.6,1022.7,26.9,9.9,,,,,2004-03-21T06:05:28,2004-03-21T18:20:41,0.03,Partially cloudy,Partly cloudy throughout the day.,partly-cloudy-day,"72793024233,72793524234,72788324220,72781524237"
"47.4219,-121.4217",2004-03-22,56.2,43,48.9,56.2,39.5,47.4,37.5,65.8,0.003,100,8.33,rain,0,92.1,,8.7,222,1015.3,60.3,9.5,,,,,2004-03-22T06:03:27,2004-03-22T18:22:06,0.06,"Rain, Partially cloudy",Partly cloudy throughout the day with afternoon rain.,rain,"72793024233,72793524234,72788324220,72781524237"
"47.4219,-121.4217",2004-03-23,44.3,37.9,40.5,40.4,32.3,37,34.4,80.7,0.012,100,12.5,rain,0.6,91.4,,12.4,249.3,1011.6,82.1,6.1,,,,,2004-03-23T06:01:26,2004-03-23T18:23:31,0.09,"Rain, Partially cloudy",Partly cloudy throughout the day with rain or snow.,snow,"72793024233,72793524234,72788324220,72781524237"
"47.4219,-121.4217",2004-03-24,39.3,31.8,35.1,39.3,24.9,29.8,31.9,88.1,0.378,100,75,"rain,snow",0.7,34.7,,13.1,218.7,1010.1,89.4,6.4,,,,,2004-03-24T05:59:25,2004-03-24T18:24:56,0.13,"Snow, Rain, Partially cloudy",Partly cloudy throughout the day with a chance of rain or snow throughout the day.,snow,"72793024233,72793524234,72788324220,72781524237"
"47.4219,-121.4217",2004-03-25,37.4,31,33.6,31.9,22.8,26.7,32.1,94.1,0.372,100,75,"rain,snow",0,0,,14.9,109.6,1006.3,99.2,3.8,,,,,2004-03-25T05:57:24,2004-03-25T18:26:21,0.16,"Snow, Rain, Overcast",Cloudy skies throughout the day with a chance of rain or snow throughout the day.,rain,"72793024233,72793524234,72788324220,72781524237"
"47.4219,-121.4217",2004-03-26,38.2,31.6,34.4,37.6,25.2,31.4,31.5,89,0.184,100,66.67,"rain,snow",96.5,60.2,,7.3,157.5,1007.3,97,7.2,,,,,2004-03-26T05:55:23,2004-03-26T18:27:46,0.19,"Snow, Rain, Overcast",Cloudy skies throughout the day with a chance of rain or snow throughout the day.,snow,"72793024233,72793524234,72788324220,72781524237"
"47.4219,-121.4217",2004-03-27,37.2,32,34.7,34.1,24.7,28.1,33,93.1,0.882,100,83.33,"rain,snow",0.3,96.6,,14.1,248.6,1018.9,88.4,2.4,,,,,2004-03-27T05:53:22,2004-03-27T18:29:11,0.22,"Snow, Rain, Partially cloudy",Partly cloudy throughout the day with a chance of rain or snow throughout the day.,snow,"72793024233,72793524234,72788324220,72781524237"
"47.4219,-121.4217",2004-03-28,48.4,31.5,39.4,44.4,27,34.2,32.3,77.3,0.02,100,8.33,"rain,snow",0,95.9,,13.5,72.2,1026.4,24.4,7.1,,,,,2004-03-28T05:51:21,2004-03-28T18:30:36,0.25,"Snow, Rain, Partially cloudy",Partly cloudy throughout the day with rain or snow clearing later.,rain,"72793024233,72793524234,72788324220,72781524237"
"47.4219,-121.4217",2004-03-29,55.6,37.2,46.4,55.6,29.9,42.8,30.3,54.5,0,0,0,,0,94.5,,14.8,86.4,1016.5,6.5,9.9,,,,,2004-03-29T05:49:21,2004-03-29T18:32:00,0.29,Clear,Clear conditions throughout the day.,clear-day,"72793024233,72793524234,72788324220,72781524237"
"47.4219,-121.4217",2004-03-30,40.6,28.3,36.2,37.7,18.9,29,34.3,92.9,0.177,100,62.5,"rain,snow",0,92.9,,15,255.4,1013.6,88.5,3.4,,,,,2004-03-30T05:47:20,2004-03-30T18:33:25,0.32,"Snow, Rain, Partially cloudy",Partly cloudy throughout the day with a chance of rain or snow throughout the day.,rain,"72793024233,72793524234,72788324220,72781524237"
"47.4219,-121.4217",2004-03-31,35,27.2,30.6,28.9,18.4,24.1,26.7,85.7,0.037,100,12.5,"rain,snow",1.7,92.7,,9.1,264.4,1018.3,90.2,6.4,,,,,2004-03-31T05:45:20,2004-03-31T18:34:49,0.35,"Snow, Rain, Overcast",Cloudy skies throughout the day with a chance of rain or snow throughout the day.,snow,"72793024233,72793524234,72788324220,72781524237"
"47.4219,-121.4217",2004-04-01,41.4,28.2,34.2,37.1,20.2,28.8,26.2,74.3,0,0,0,"rain,snow",1,94.3,,9.1,276.6,1024.1,22.6,7,,,,,2004-04-01T05:43:20,2004-04-01T18:36:14,0.38,Partially cloudy,Partly cloudy throughout the day.,partly-cloudy-day,"72793024233,72793524234,72788324220,72781524237"
"47.4219,-121.4217",2004-04-02,53.8,32.9,44.1,53.8,27.3,40.9,24.3,47.8,0,0,0,,0,92.6,,11.8,72.7,1024.3,0.1,9.9,,,,,2004-04-02T05:41:21,2004-04-02T18:37:38,0.42,Clear,Clear conditions throughout the day.,clear-day,"72793024233,72793524234,72788324220,72781524237"
"47.4219,-121.4217",2004-04-03,59.7,42.1,49.7,59.7,38.3,47,29.9,47.3,0,0,0,rain,0,91.3,,12.1,83.2,1015.2,41.9,9.9,,,,,2004-04-03T05:39:22,2004-04-03T18:39:02,0.45,Partially cloudy,Partly cloudy throughout the day.,partly-cloudy-day,"72793024233,72793524234,72788324220,72781524237"
"47.4219,-121.4217",2004-04-04,49.6,34.4,41.2,46.6,27.7,36.4,33.6,76,0,0,0,"rain,snow",0.3,91.8,,9.2,253.4,1015.9,22.6,8.1,,,,,2004-04-04T06:37:23,2004-04-04T19:40:27,0.48,Partially cloudy,Partly cloudy throughout the day.,partly-cloudy-day,"72793024233,72793524234,72788324220,72781524237"
"47.4219,-121.4217",2004-04-05,43.2,35.1,38.6,39.5,27.8,33.4,35.2,88.1,0,0,0,,0,90.9,,10.9,258.1,1016.3,78.5,5.6,,,,,2004-04-05T06:35:24,2004-04-05T19:41:51,0.5,Partially cloudy,Partly cloudy throughout the day.,partly-cloudy-day,"72793024233,72793524234,72788324220,72781524237"
"47.4219,-121.4217",2004-04-06,56.4,35.3,43,56.4,28.2,39.3,36.7,80.4,0,0,0,,0,90,,10.8,235.2,1017.8,49.9,7.9,,,,,2004-04-06T06:33:26,2004-04-06T19:43:15,0.55,Partially cloudy,Clearing in the afternoon.,partly-cloudy-day,"72793024233,72793524234,72788324220,72781524237"
"47.4219,-121.4217",2004-04-07,45.4,36.6,40.4,41.1,31.3,35.2,36.8,87.3,0,0,0,,0,89.1,,9.6,247.7,1021.6,85,5.5,,,,,2004-04-07T06:31:29,2004-04-07T19:44:39,0.58,Partially cloudy,Partly cloudy throughout the day.,partly-cloudy-day,"72793024233,72793524234,72788324220,72781524237"
"47.4219,-121.4217",2004-04-08,51,35.8,42.1,51,29.3,37.6,34.2,76.6,0,0,0,,0,88.8,,10.9,257.8,1021.6,41.7,6.4,,,,,2004-04-08T06:29:32,2004-04-08T19:46:04,0.62,Partially cloudy,Partly cloudy throughout the day.,partly-cloudy-day,"72793024233,72793524234,72788324220,72781524237"
"47.4219,-121.4217",2004-04-09,59.4,39.4,49,59.4,35.9,47.7,30.7,53.3,0,0,0,,0,87.7,,7.7,17.7,1025.5,4.6,9.9,,,,,2004-04-09T06:27:35,2004-04-09T19:47:28,0.65,Clear,Clear conditions throughout the day.,clear-day,"72793024233,72793524234,72788324220,72781524237"
"47.4219,-121.4217",2004-04-10,61.1,39.7,50.3,61.1,36.8,48.8,31.2,49.9,0,0,0,,0,85.8,,8.1,30,1024.4,5.4,9.9,,,,,2004-04-10T06:25:39,2004-04-10T19:48:52,0.69,Clear,Clear conditions throughout the day.,clear-day,"72793024233,72793524234,72788324220,72781524237"
"47.4219,-121.4217",2004-04-11,63,41.6,52.7,63,36,50.9,32.1,46.8,0,0,0,,0,84.7,,10.3,71.9,1017.5,4.8,9.9,,,,,2004-04-11T06:23:44,2004-04-11T19:50:16,0.75,Clear,Clear conditions throughout the day.,clear-day,"72793024233,72793524234,72788324220,72781524237"
"47.4219,-121.4217",2004-04-12,55.5,39.5,47.1,55.5,33.9,44.3,39.6,76.5,0,0,0,,0,83.2,,9.3,229,1015.2,35.6,8.4,,,,,2004-04-12T06:21:49,2004-04-12T19:51:40,0.76,Partially cloudy,Clearing in the afternoon.,partly-cloudy-day,"72793024233,72793524234,72788324220,72781524237"
"47.4219,-121.4217",2004-04-13,48.8,37.9,41.8,47.4,34,39.2,37.2,84.5,0.027,100,8.33,rain,0,83.1,,7.1,231.2,1011.3,88.5,6.4,,,,,2004-04-13T06:19:55,2004-04-13T19:53:04,0.8,"Rain, Partially cloudy",Partly cloudy throughout the day with rain.,rain,"72793024233,72793524234,72788324220,72781524237"
"47.4219,-121.4217",2004-04-14,44.7,35,38.1,44.7,31.9,36,34.4,86.9,0.139,100,54.17,"rain,snow",0,82.7,,9.2,215.8,1007.3,83.1,8.6,,,,,2004-04-14T06:18:01,2004-04-14T19:54:29,0.83,"Snow, Rain, Partially cloudy",Partly cloudy throughout the day with a chance of rain or snow throughout the day.,rain,"72793024233,72793524234,72788324220,72781524237"
"47.4219,-121.4217",2004-04-15,41.4,33.5,36.4,36.9,28.6,31.8,34.1,91.6,0.061,100,29.17,"rain,snow",1,81.6,,10,234.8,1009.3,89,5.5,,,,,2004-04-15T06:16:08,2004-04-15T19:55:53,0.87,"Snow, Rain, Partially cloudy",Partly cloudy throughout the day with rain or snow.,snow,"72793024233,72793524234,72788324220,72781524237"
"47.4219,-121.4217",2004-04-16,44.5,33.8,37.3,41.7,29.9,34.1,33.8,87.8,0.016,100,20.83,"rain,snow",0.7,82.7,,9.1,226.9,1013.1,80.7,6.8,,,,,2004-04-16T06:14:16,2004-04-16T19:57:17,0.9,"Snow, Rain, Partially cloudy",Partly cloudy throughout the day with rain or snow in the morning and afternoon.,snow,"72793024233,72793524234,72788324220,72781524237"
"47.4219,-121.4217",2004-04-17,46,33.6,38.1,41.9,28.7,33.9,33.2,83.8,0.001,100,4.17,rain,0,81.8,,10,227.7,1012.3,74.3,5.8,,,,,2004-04-17T06:12:25,2004-04-17T19:58:41,0.94,"Rain, Partially cloudy",Partly cloudy throughout the day with morning rain.,rain,"72793024233,72793524234,72788324220,72781524237"
"47.4219,-121.4217",2004-04-18,43.4,33.8,38.1,43,29.9,35.3,33.2,83.5,0.082,100,25,rain,0,80.7,,6.2,225.9,1013.7,73.5,7.1,,,,,2004-04-18T06:10:35,2004-04-18T20:00:05,0.97,"Rain, Partially cloudy",Partly cloudy throughout the day with rain.,rain,"72793024233,72793524234,72788324220,72781524237"
"47.4219,-121.4217",2004-04-19,48,32.2,39.9,44.8,28.1,36.8,32.9,77.4,0.026,100,41.67,"rain,snow",0,79.3,,8.8,151.1,1010.1,51.5,9.8,,,,,2004-04-19T06:08:45,2004-04-19T20:01:29,0,"Snow, Rain, Partially cloudy",Partly cloudy throughout the day with a chance of rain or snow throughout the day.,rain,"72793024233,72793524234,72788324220,72781524237"
"47.4219,-121.4217",2004-04-20,40.8,32.1,36.5,40.8,24.2,32.3,32.9,86.9,0.122,100,50,"rain,snow",0,79.1,,11.1,232.8,1008.5,83.3,7.7,,,,,2004-04-20T06:06:56,2004-04-20T20:02:53,0.04,"Snow, Rain, Partially cloudy",Partly cloudy throughout the day with a chance of rain or snow throughout the day.,rain,"72793024233,72793524234,72788324220,72781524237"
"47.4219,-121.4217",2004-04-21,44.9,32.6,38.4,42,29.3,35.6,34,84.7,0.02,100,8.33,"rain,snow",0,78.9,,10.6,292,1013.5,73.3,8.1,,,,,2004-04-21T06:05:08,2004-04-21T20:04:16,0.07,"Snow, Rain, Partially cloudy",Partly cloudy throughout the day with rain or snow.,rain,"72793024233,72793524234,72788324220,72781524237"
"47.4219,-121.4217",2004-04-22,57.3,36.3,46,57.3,29.8,42.9,36.4,72.2,0,0,0,,0,78,,8.5,229.4,1024.3,19.2,7.6,,,,,2004-04-22T06:03:22,2004-04-22T20:05:40,0.11,Clear,Clear conditions throughout the day.,clear-day,"72793024233,72793524234,72788324220,72781524237"
"47.4219,-121.4217",2004-04-23,47.2,33.4,40.4,47.2,24.8,35.2,35,81.7,0.021,100,16.67,rain,0,77.5,,16.1,264.6,1021.3,64.8,6.5,,,,,2004-04-23T06:01:36,2004-04-23T20:07:04,0.14,"Rain, Partially cloudy",Partly cloudy throughout the day with a chance of rain throughout the day.,rain,"72793024233,72793524234,72788324220,72781524237"
"47.4219,-121.4217",2004-04-24,48.3,32.3,39.3,45,25.4,34.2,30.4,72.8,0,0,0,,0,75.9,,11.1,286.7,1025.4,28.1,6.5,,,,,2004-04-24T05:59:51,2004-04-24T20:08:27,0.17,Partially cloudy,Partly cloudy throughout the day.,partly-cloudy-day,"72793024233,72793524234,72788324220,72781524237"
"47.4219,-121.4217",2004-04-25,59.7,37.8,49.3,59.7,33.6,47.5,32.1,52.6,0,0,0,,0,74.6,,9.8,45.8,1025.6,2.1,9.9,,,,,2004-04-25T05:58:07,2004-04-25T20:09:51,0.2,Clear,Clear conditions throughout the day.,clear-day,"72793024233,72793524234,72788324220,72781524237"
"47.4219,-121.4217",2004-04-26,70.6,42.7,56.4,70.6,39.1,55.3,36.5,50,0,0,0,,0,27.2,,8.4,15.2,1025.5,0.1,9.9,,,,,2004-04-26T05:56:25,2004-04-26T20:11:14,0.24,Clear,Clear conditions throughout the day.,clear-day,"72793024233,72793524234,72788324220,72781524237"
"47.4219,-121.4217",2004-04-27,56.6,32.3,46.3,56.6,22.7,42.3,31.7,61.2,0.008,100,8.33,"rain,snow",0,0,,21.1,260.3,1015.9,51.8,7.3,,,,,2004-04-27T05:54:43,2004-04-27T20:12:37,0.25,"Snow, Rain, Partially cloudy",Becoming cloudy in the afternoon with late afternoon rain or snow.,rain,"72793024233,72793524234,72788324220,72781524237"
"47.4219,-121.4217",2004-04-28,51.5,32.1,41.4,51.5,23.6,37,33.5,76.1,0,0,0,rain,72,44.6,,11.6,269.7,1018.8,45.9,6.3,,,,,2004-04-28T05:53:03,2004-04-28T20:14:00,0.3,Partially cloudy,Clearing in the afternoon.,partly-cloudy-day,"72793024233,72793524234,72788324220,72781524237"
"47.4219,-121.4217",2004-04-29,61.8,40.4,51.4,61.8,37.5,50.7,31.6,49.5,0,0,0,,0,69.8,,7.9,15.8,1018.9,3.3,9.9,,,,,2004-04-29T05:51:24,2004-04-29T20:15:23,0.33,Clear,Clear conditions throughout the day.,clear-day,"72793024233,72793524234,72788324220,72781524237"
"47.4219,-121.4217",2004-04-30,67.2,42.2,55.7,67.2,38.8,54.8,33,44.8,0,0,0,,0,67.8,,7.2,45.3,1021.4,2.8,9.9,,,,,2004-04-30T05:49:46,2004-04-30T20:16:45,0.37,Clear,Clear conditions throughout the day.,clear-day,"72793024233,72793524234,72788324220,72781524237"
